productName,description,category,brand,priceLKR,discountPercentage,weightValue,weightUnit,labels
Kotmale Fresh Milk,Full Cream 1L,Dairy & Eggs,Kotmale,530,,1.0,L,"milk,fresh_milk,dairy,compare,cheapest"
Ambewela Fresh Milk,Full Cream 1L,Dairy & Eggs,Ambewela,500,,1.0,L,"milk,fresh_milk,dairy,compare,cheapest"
Anchor Fresh Milk,Full Cream 500ml,Dairy & Eggs,Anchor,450,,0.5,L,"milk,fresh_milk,dairy,compare,cheapest"
Kotmale Cheese Wedges,Cheese wedges 120g,Dairy & Eggs,Kotmale,350,20,120,g,"cheese,cheese_wedges,dairy,compare,cheapest"
Rich Life Cheese Wedges,Cheese wedges 120g,Dairy & Eggs,Rich Life,400,,120,g,"cheese,cheese_wedges,dairy,compare,cheapest"
Anchor Cheddar Cheese Slices,Cheddar cheese slices 400g,Dairy & Eggs,Anchor,980,,400,g,"cheese,cheddar,dairy,compare,cheapest"
Ambewela Gouda Cheese,Gouda cheese 200g,Dairy & Eggs,Ambewela,500,,200,g,"cheese,gouda,dairy,compare,cheapest"
Eggs Pack,Farm fresh eggs (6pcs),Dairy & Eggs,,350,,6,pcs,"eggs,dairy,compare,cheapest"
Orange Juice,Orange juice 1L,Beverages,,450,10,1.0,L,"juice,orange_juice,beverage,compare,cheapest"
Mineral Water,Drinking water 1.5L,Beverages,,120,,1.5,L,"water,beverage,compare,cheapest"
White Bread,Soft white bread loaf 250g,Bakery,,400,,250,g,"bread,bakery,compare,cheapest"
Dates,Khalas Dates 500g,Fruits,,1200,,500,g,"dates,fruit,compare,cheapest"
Kotmale Eggs 2pcs,Quality item,Dairy & Eggs,Kotmale,650,,2,pcs,"brand_kotmale,cheapest,compare,dairy,eggs"
Ambewela Dish Wash Liquid 0.5L,Quality item,Household,Ambewela,330,,0.5,L,"brand_ambewela,cheapest,cleaning,compare,household"
Munchee Yoghurt 1000g,Quality item,Dairy & Eggs,Munchee,1600,,1000,g,"brand_munchee,cheapest,compare,dairy,yoghurt"
Anchor Fresh Milk 330ml,Quality item,Dairy & Eggs,Anchor,530,,330,ml,"brand_anchor,cheapest,compare,dairy,fresh_milk,milk"
Ambewela Gouda Cheese,wedges,Dairy & Eggs,Ambewela,480,,120,g,"brand_ambewela,cheapest,cheese,compare,dairy,gouda"
Munchee Crackers,family pack,Snacks,Munchee,1530,,500,g,"brand_munchee,cheapest,compare,crackers,snacks"
Ruhunu Sausages 120g,Quality item,Frozen Foods,Ruhunu,490,,120,g,"brand_ruhunu,cheapest,compare,frozen,sausages"
Rich Life Cheese Wedges 500g,wedges,Dairy & Eggs,Rich Life,2060,15,500,g,"brand_rich_life,cheapest,cheese,cheese_wedges,compare,dairy,discount"
Banana,local,Fruits,,630,,120,g,"banana,cheapest,compare,fruit"
MALIBAN Crackers,family pack,Snacks,MALIBAN,1940,,1000,g,"brand_maliban,cheapest,compare,crackers,snacks"
Kotmale Apple 500g,organic,Fruits,Kotmale,3320,,500,g,"apple,brand_kotmale,cheapest,compare,fruit"
Rich Life Potato 500g,local,Vegetables,Rich Life,900,,500,g,"brand_rich_life,cheapest,compare,potato,vegetable"
Highland Dish Wash Liquid 2L,Quality item,Household,Highland,3990,20,2,L,"brand_highland,cheapest,cleaning,compare,discount,household"
Kotmale Cheese Wedges,block,Dairy & Eggs,Kotmale,370,20,150,g,"brand_kotmale,cheapest,cheese,cheese_wedges,compare,dairy,discount"
Munchee Crackers,family pack,Snacks,Munchee,520,,1000,g,"brand_munchee,cheapest,compare,crackers,snacks"
Carrot 120g,organic,Vegetables,,390,,120,g,"carrot,cheapest,compare,vegetable"
Munchee Grapes,fresh,Fruits,Munchee,2030,,5,kg,"brand_munchee,cheapest,compare,fruit,grapes"
Anchor Coffee,fresh,Beverages,Anchor,500,,150,g,"beverage,brand_anchor,cheapest,coffee,compare"
MD Potato,organic,Vegetables,MD,620,,0.25,kg,"brand_md,cheapest,compare,potato,vegetable"
Rich Life Cheddar Cheese,spread,Dairy & Eggs,Rich Life,710,,120,g,"brand_rich_life,cheapest,cheddar,cheese,compare,dairy"
Anchor Orange Juice 750ml,no added sugar,Beverages,Anchor,2000,,750,ml,"beverage,brand_anchor,cheapest,compare,juice,orange_juice"
Munchee Banana,organic,Fruits,Munchee,1240,,1,kg,"banana,brand_munchee,cheapest,compare,fruit"
MD Curry Powder 200g,Quality item,Spices,MD,370,,200,g,"brand_md,cheapest,compare,curry,spices"
Ruhunu Apple,fresh,Fruits,Ruhunu,180,5,0.25,kg,"apple,brand_ruhunu,cheapest,compare,discount,fruit"
Ambewela White Bread,Quality item,Bakery,Ambewela,310,25,250,g,"bakery,brand_ambewela,bread,cheapest,compare,discount"
Rich Life Rice 500g,Quality item,Rice & Grains,Rich Life,830,,500,g,"brand_rich_life,cheapest,compare,grains,rice"
MALIBAN Chocolate Ice Cream,Quality item,Ice Cream,MALIBAN,2980,,1500,ml,"brand_maliban,cheapest,compare,dessert,icecream"
Kotmale Gouda Cheese 400g,slices,Dairy & Eggs,Kotmale,600,,400,g,"brand_kotmale,cheapest,cheese,compare,dairy,gouda"
Anchor Chocolate Ice Cream 500ml,Quality item,Ice Cream,Anchor,3010,,500,ml,"brand_anchor,cheapest,compare,dessert,icecream"
Kotmale Gouda Cheese 120g,block,Dairy & Eggs,Kotmale,410,20,120,g,"brand_kotmale,cheapest,cheese,compare,dairy,discount,gouda"
Anchor Cheddar Cheese 100g,spread,Dairy & Eggs,Anchor,590,,100,g,"brand_anchor,cheapest,cheddar,cheese,compare,dairy"
Munchee Chocolate Ice Cream 250ml,Quality item,Ice Cream,Munchee,620,30,250,ml,"brand_munchee,cheapest,compare,dessert,discount,icecream"
Kotmale Dish Wash Liquid 0.5L,Quality item,Household,Kotmale,620,,0.5,L,"brand_kotmale,cheapest,cleaning,compare,household"
Anchor Curry Powder 1000g,Quality item,Spices,Anchor,720,,1000,g,"brand_anchor,cheapest,compare,curry,spices"
MALIBAN Orange,fresh,Fruits,MALIBAN,790,30,5,kg,"brand_maliban,cheapest,compare,discount,fruit,orange"
Elephant House Curry Powder,Quality item,Spices,Elephant House,350,,200,g,"brand_elephant_house,cheapest,compare,curry,spices"
Orange Juice,classic,Beverages,,1700,25,500,ml,"beverage,cheapest,compare,discount,juice,orange_juice"
Ambewela Gouda Cheese 1000g,wedges,Dairy & Eggs,Ambewela,1340,10,1000,g,"brand_ambewela,cheapest,cheese,compare,dairy,discount,gouda"
Highland Sausages,Quality item,Frozen Foods,Highland,4170,,750,g,"brand_highland,cheapest,compare,frozen,sausages"
Kotmale Curry Powder,Quality item,Spices,Kotmale,140,5,120,g,"brand_kotmale,cheapest,compare,curry,discount,spices"
Highland Mango Juice,no added sugar,Beverages,Highland,700,,750,ml,"beverage,brand_highland,cheapest,compare,juice,mango_juice"
Munchee Grapes 250g,fresh,Fruits,Munchee,880,,250,g,"brand_munchee,cheapest,compare,fruit,grapes"
Elephant House Fresh Milk 1.5L,Quality item,Dairy & Eggs,Elephant House,950,,1.5,L,"brand_elephant_house,cheapest,compare,dairy,fresh_milk,milk"
Ambewela Fresh Milk,Quality item,Dairy & Eggs,Ambewela,1030,,1,L,"brand_ambewela,cheapest,compare,dairy,fresh_milk,milk"
MALIBAN Mango Juice 0.5L,classic,Beverages,MALIBAN,510,,0.5,L,"beverage,brand_maliban,cheapest,compare,juice,mango_juice"
Elephant House Butter,Quality item,Dairy & Eggs,Elephant House,430,,200,g,"brand_elephant_house,butter,cheapest,compare,dairy"
Ruhunu Vanilla Ice Cream,Quality item,Ice Cream,Ruhunu,1570,,1,L,"brand_ruhunu,cheapest,compare,dessert,icecream"
Kotmale Vanilla Ice Cream,Quality item,Ice Cream,Kotmale,1300,,1.5,L,"brand_kotmale,cheapest,compare,dessert,icecream"
Highland Orange,organic,Fruits,Highland,940,,0.25,kg,"brand_highland,cheapest,compare,fruit,orange"
Elephant House Crackers 200g,family pack,Snacks,Elephant House,220,,200,g,"brand_elephant_house,cheapest,compare,crackers,snacks"
Highland Mozzarella Cheese,spread,Dairy & Eggs,Highland,2600,,1000,g,"brand_highland,cheapest,cheese,compare,dairy,mozzarella"
Ambewela Yoghurt,Quality item,Dairy & Eggs,Ambewela,710,25,150,g,"brand_ambewela,cheapest,compare,dairy,discount,yoghurt"
Elephant House Chocolate Ice Cream,Quality item,Ice Cream,Elephant House,1980,,500,ml,"brand_elephant_house,cheapest,compare,dessert,icecream"
Highland Coffee,no added sugar,Beverages,Highland,1500,,500,g,"beverage,brand_highland,cheapest,coffee,compare"
Elephant House Coffee,fresh,Beverages,Elephant House,360,,120,g,"beverage,brand_elephant_house,cheapest,coffee,compare"
Highland Eggs 12pcs,Quality item,Dairy & Eggs,Highland,1180,,12,pcs,"brand_highland,cheapest,compare,dairy,eggs"
Rich Life Orange Juice,classic,Beverages,Rich Life,2060,,1000,ml,"beverage,brand_rich_life,cheapest,compare,juice,orange_juice"
MALIBAN Pumpkin 1kg,organic,Vegetables,MALIBAN,980,,1,kg,"brand_maliban,cheapest,compare,pumpkin,vegetable"
MD Potato 750g,local,Vegetables,MD,1660,,750,g,"brand_md,cheapest,compare,potato,vegetable"
Mineral Water,fresh,Beverages,,900,10,1.5,L,"beverage,cheapest,compare,discount,water"
Rich Life Pumpkin 0.5kg,fresh,Vegetables,Rich Life,710,,0.5,kg,"brand_rich_life,cheapest,compare,pumpkin,vegetable"
MD Mozzarella Cheese 200g,spread,Dairy & Eggs,MD,340,,200,g,"brand_md,cheapest,cheese,compare,dairy,mozzarella"
Ambewela Fresh Milk 250ml,Quality item,Dairy & Eggs,Ambewela,1160,,250,ml,"brand_ambewela,cheapest,compare,dairy,fresh_milk,milk"
Munchee Cheddar Cheese 120g,spread,Dairy & Eggs,Munchee,390,,120,g,"brand_munchee,cheapest,cheddar,cheese,compare,dairy"
MD Potato,organic,Vegetables,MD,2350,,1000,g,"brand_md,cheapest,compare,potato,vegetable"
Rich Life Grapes,organic,Fruits,Rich Life,1600,15,1000,g,"brand_rich_life,cheapest,compare,discount,fruit,grapes"
Highland Orange 400g,local,Fruits,Highland,710,,400,g,"brand_highland,cheapest,compare,fruit,orange"
Rich Life Mango Juice 2L,classic,Beverages,Rich Life,970,20,2,L,"beverage,brand_rich_life,cheapest,compare,discount,juice,mango_juice"
Ruhunu Fish Cutlets 10pcs,Quality item,Frozen Foods,Ruhunu,680,,10,pcs,"brand_ruhunu,cheapest,compare,cutlets,frozen"
MALIBAN Fish Cutlets 6pcs,Quality item,Frozen Foods,MALIBAN,1180,15,6,pcs,"brand_maliban,cheapest,compare,cutlets,discount,frozen"
Anchor Chicken Nuggets,Quality item,Frozen Foods,Anchor,820,,150,g,"brand_anchor,cheapest,compare,frozen,nuggets"
Ambewela Yoghurt,Quality item,Dairy & Eggs,Ambewela,220,,150,g,"brand_ambewela,cheapest,compare,dairy,yoghurt"
Rich Life Potato,organic,Vegetables,Rich Life,910,,400,g,"brand_rich_life,cheapest,compare,potato,vegetable"
Highland Vanilla Ice Cream 2L,Quality item,Ice Cream,Highland,2050,,2,L,"brand_highland,cheapest,compare,dessert,icecream"
Rich Life Buns Pack 12pcs,Quality item,Bakery,Rich Life,350,,12,pcs,"bakery,brand_rich_life,buns,cheapest,compare"
Ruhunu Yoghurt 200g,Quality item,Dairy & Eggs,Ruhunu,690,,200,g,"brand_ruhunu,cheapest,compare,dairy,yoghurt"
MD Banana,fresh,Fruits,MD,2790,,400,g,"banana,brand_md,cheapest,compare,fruit"
Highland Mineral Water,classic,Beverages,Highland,500,,0.5,L,"beverage,brand_highland,cheapest,compare,water"
Ambewela Coffee,fresh,Beverages,Ambewela,470,,120,g,"beverage,brand_ambewela,cheapest,coffee,compare"
Ruhunu Eggs,Quality item,Dairy & Eggs,Ruhunu,600,30,4,pcs,"brand_ruhunu,cheapest,compare,dairy,discount,eggs"
Kotmale White Bread 750g,Quality item,Bakery,Kotmale,2180,,750,g,"bakery,brand_kotmale,bread,cheapest,compare"
Anchor Crackers,regular,Snacks,Anchor,380,,150,g,"brand_anchor,cheapest,compare,crackers,snacks"
MD Dish Wash Liquid,Quality item,Household,MD,2490,,2,L,"brand_md,cheapest,cleaning,compare,household"
Ambewela Orange,fresh,Fruits,Ambewela,2780,,750,g,"brand_ambewela,cheapest,compare,fruit,orange"
Kotmale White Bread 400g,Quality item,Bakery,Kotmale,490,,400,g,"bakery,brand_kotmale,bread,cheapest,compare"
Highland White Bread 1000g,Quality item,Bakery,Highland,2150,30,1000,g,"bakery,brand_highland,bread,cheapest,compare,discount"
MD Vanilla Ice Cream,Quality item,Ice Cream,MD,1930,,2,L,"brand_md,cheapest,compare,dessert,icecream"
Highland Cheese Wedges 500g,block,Dairy & Eggs,Highland,1550,,500,g,"brand_highland,cheapest,cheese,cheese_wedges,compare,dairy"
Elephant House Curry Powder 1000g,Quality item,Spices,Elephant House,2170,,1000,g,"brand_elephant_house,cheapest,compare,curry,spices"
Rich Life Grapes 0.5kg,organic,Fruits,Rich Life,630,,0.5,kg,"brand_rich_life,cheapest,compare,fruit,grapes"
Rich Life Tea,classic,Beverages,Rich Life,2200,,750,g,"beverage,brand_rich_life,cheapest,compare,tea"
Ambewela Beans 1kg,fresh,Vegetables,Ambewela,490,,1,kg,"beans,brand_ambewela,cheapest,compare,vegetable"
Highland Orange Juice 0.5L,fresh,Beverages,Highland,510,,0.5,L,"beverage,brand_highland,cheapest,compare,juice,orange_juice"
Ambewela Flour 5kg,Quality item,Rice & Grains,Ambewela,4020,,5,kg,"brand_ambewela,cheapest,compare,flour,grains"
Highland Cheddar Cheese 120g,slices,Dairy & Eggs,Highland,150,,120,g,"brand_highland,cheapest,cheddar,cheese,compare,dairy"
Anchor Cheddar Cheese,slices,Dairy & Eggs,Anchor,300,,250,g,"brand_anchor,cheapest,cheddar,cheese,compare,dairy"
Munchee Apple 750g,organic,Fruits,Munchee,2850,,750,g,"apple,brand_munchee,cheapest,compare,fruit"
Ruhunu Cheddar Cheese 200g,block,Dairy & Eggs,Ruhunu,210,,200,g,"brand_ruhunu,cheapest,cheddar,cheese,compare,dairy"
Anchor Mozzarella Cheese,spread,Dairy & Eggs,Anchor,1320,15,500,g,"brand_anchor,cheapest,cheese,compare,dairy,discount,mozzarella"
MD Beans,organic,Vegetables,MD,490,,0.5,kg,"beans,brand_md,cheapest,compare,vegetable"
MALIBAN Coffee,no added sugar,Beverages,MALIBAN,2070,,1000,g,"beverage,brand_maliban,cheapest,coffee,compare"
Kotmale Mozzarella Cheese 250g,wedges,Dairy & Eggs,Kotmale,660,,250,g,"brand_kotmale,cheapest,cheese,compare,dairy,mozzarella"
Highland Chicken Nuggets 750g,Quality item,Frozen Foods,Highland,1180,,750,g,"brand_highland,cheapest,compare,frozen,nuggets"
Ruhunu Potato 100g,fresh,Vegetables,Ruhunu,520,,100,g,"brand_ruhunu,cheapest,compare,potato,vegetable"
Yoghurt 150g,Quality item,Dairy & Eggs,,510,,150,g,"cheapest,compare,dairy,yoghurt"
Ruhunu Tea 750g,no added sugar,Beverages,Ruhunu,1100,,750,g,"beverage,brand_ruhunu,cheapest,compare,tea"
Anchor Gouda Cheese 500g,spread,Dairy & Eggs,Anchor,2290,,500,g,"brand_anchor,cheapest,cheese,compare,dairy,gouda"
MD Butter 400g,Quality item,Dairy & Eggs,MD,480,,400,g,"brand_md,butter,cheapest,compare,dairy"
Kotmale Chili Powder 500g,Quality item,Spices,Kotmale,1320,,500,g,"brand_kotmale,cheapest,chili,compare,spices"
Flour 100g,Quality item,Rice & Grains,,910,,100,g,"cheapest,compare,flour,grains"
MD Biscuits,regular,Snacks,MD,180,25,100,g,"biscuits,brand_md,cheapest,compare,discount,snacks"
Munchee Fresh Milk 200ml,Quality item,Dairy & Eggs,Munchee,830,5,200,ml,"brand_munchee,cheapest,compare,dairy,discount,fresh_milk,milk"
MD Mango Juice 750ml,fresh,Beverages,MD,1930,,750,ml,"beverage,brand_md,cheapest,compare,juice,mango_juice"
MD Orange,fresh,Fruits,MD,2030,,2,kg,"brand_md,cheapest,compare,fruit,orange"
Highland Mozzarella Cheese,wedges,Dairy & Eggs,Highland,750,,400,g,"brand_highland,cheapest,cheese,compare,dairy,mozzarella"
Anchor Flour 1000g,Quality item,Rice & Grains,Anchor,2460,,1000,g,"brand_anchor,cheapest,compare,flour,grains"
MD Fish Cutlets,Quality item,Frozen Foods,MD,580,,2,pcs,"brand_md,cheapest,compare,cutlets,frozen"
Kotmale Vanilla Ice Cream 1000ml,Quality item,Ice Cream,Kotmale,3730,,1000,ml,"brand_kotmale,cheapest,compare,dessert,icecream"
MD Mango Juice,fresh,Beverages,MD,380,20,1,L,"beverage,brand_md,cheapest,compare,discount,juice,mango_juice"
Munchee Gouda Cheese 100g,block,Dairy & Eggs,Munchee,510,20,100,g,"brand_munchee,cheapest,cheese,compare,dairy,discount,gouda"
Elephant House Grapes,organic,Fruits,Elephant House,940,,120,g,"brand_elephant_house,cheapest,compare,fruit,grapes"
Potato,fresh,Vegetables,,1050,,1000,g,"cheapest,compare,potato,vegetable"
Rich Life Beans,fresh,Vegetables,Rich Life,1800,10,2,kg,"beans,brand_rich_life,cheapest,compare,discount,vegetable"
Kotmale Pumpkin 1kg,fresh,Vegetables,Kotmale,560,25,1,kg,"brand_kotmale,cheapest,compare,discount,pumpkin,vegetable"
Ruhunu Vanilla Ice Cream 1L,Quality item,Ice Cream,Ruhunu,1110,,1,L,"brand_ruhunu,cheapest,compare,dessert,icecream"
MD Orange,organic,Fruits,MD,560,,0.5,kg,"brand_md,cheapest,compare,fruit,orange"
Highland Crackers,mini pack,Snacks,Highland,530,,120,g,"brand_highland,cheapest,compare,crackers,snacks"
Highland Chocolate Ice Cream 1500ml,Quality item,Ice Cream,Highland,4000,,1500,ml,"brand_highland,cheapest,compare,dessert,icecream"
Rich Life Gouda Cheese,wedges,Dairy & Eggs,Rich Life,770,,400,g,"brand_rich_life,cheapest,cheese,compare,dairy,gouda"
Highland Chicken Nuggets,Quality item,Frozen Foods,Highland,1040,,100,g,"brand_highland,cheapest,compare,frozen,nuggets"
Rich Life Beans 200g,local,Vegetables,Rich Life,350,,200,g,"beans,brand_rich_life,cheapest,compare,vegetable"
Orange Juice,classic,Beverages,,90,,0.5,L,"beverage,cheapest,compare,juice,orange_juice"
Ambewela Orange Juice 330ml,fresh,Beverages,Ambewela,370,,330,ml,"beverage,brand_ambewela,cheapest,compare,juice,orange_juice"
Munchee Sausages 150g,Quality item,Frozen Foods,Munchee,1130,,150,g,"brand_munchee,cheapest,compare,frozen,sausages"
Elephant House Beans 2kg,fresh,Vegetables,Elephant House,2330,,2,kg,"beans,brand_elephant_house,cheapest,compare,vegetable"
Munchee Chicken Nuggets,Quality item,Frozen Foods,Munchee,260,,120,g,"brand_munchee,cheapest,compare,frozen,nuggets"
Elephant House Crackers,regular,Snacks,Elephant House,410,,500,g,"brand_elephant_house,cheapest,compare,crackers,snacks"
Ruhunu Yoghurt,Quality item,Dairy & Eggs,Ruhunu,660,,200,g,"brand_ruhunu,cheapest,compare,dairy,yoghurt"
Pumpkin 120g,fresh,Vegetables,,130,,120,g,"cheapest,compare,pumpkin,vegetable"
Ambewela Eggs 10pcs,Quality item,Dairy & Eggs,Ambewela,1070,,10,pcs,"brand_ambewela,cheapest,compare,dairy,eggs"
MALIBAN Dish Wash Liquid,Quality item,Household,MALIBAN,3380,,500,ml,"brand_maliban,cheapest,cleaning,compare,household"
Kotmale Carrot 200g,organic,Vegetables,Kotmale,340,,200,g,"brand_kotmale,carrot,cheapest,compare,vegetable"
Munchee Sausages 100g,Quality item,Frozen Foods,Munchee,440,20,100,g,"brand_munchee,cheapest,compare,discount,frozen,sausages"
Highland Cheese Wedges 100g,wedges,Dairy & Eggs,Highland,190,,100,g,"brand_highland,cheapest,cheese,cheese_wedges,compare,dairy"
Munchee Mozzarella Cheese 200g,block,Dairy & Eggs,Munchee,260,,200,g,"brand_munchee,cheapest,cheese,compare,dairy,mozzarella"
Highland Fresh Milk,Quality item,Dairy & Eggs,Highland,990,5,1,L,"brand_highland,cheapest,compare,dairy,discount,fresh_milk,milk"
Kotmale Orange Juice,no added sugar,Beverages,Kotmale,330,,1500,ml,"beverage,brand_kotmale,cheapest,compare,juice,orange_juice"
MALIBAN Orange Juice 0.5L,classic,Beverages,MALIBAN,240,,0.5,L,"beverage,brand_maliban,cheapest,compare,juice,orange_juice"
Munchee Biscuits,regular,Snacks,Munchee,480,,100,g,"biscuits,brand_munchee,cheapest,compare,snacks"
Crackers,mini pack,Snacks,,270,30,100,g,"cheapest,compare,crackers,discount,snacks"
Ambewela Biscuits 400g,regular,Snacks,Ambewela,350,,400,g,"biscuits,brand_ambewela,cheapest,compare,snacks"
MALIBAN Potato,local,Vegetables,MALIBAN,700,,750,g,"brand_maliban,cheapest,compare,potato,vegetable"
MALIBAN Banana 200g,organic,Fruits,MALIBAN,740,,200,g,"banana,brand_maliban,cheapest,compare,fruit"
Elephant House Gouda Cheese 400g,wedges,Dairy & Eggs,Elephant House,540,,400,g,"brand_elephant_house,cheapest,cheese,compare,dairy,gouda"
Ambewela Mozzarella Cheese 120g,spread,Dairy & Eggs,Ambewela,560,,120,g,"brand_ambewela,cheapest,cheese,compare,dairy,mozzarella"
Ruhunu Cheddar Cheese 120g,spread,Dairy & Eggs,Ruhunu,520,,120,g,"brand_ruhunu,cheapest,cheddar,cheese,compare,dairy"
Highland Cheddar Cheese,slices,Dairy & Eggs,Highland,640,,400,g,"brand_highland,cheapest,cheddar,cheese,compare,dairy"
Ambewela Apple 1000g,organic,Fruits,Ambewela,1610,,1000,g,"apple,brand_ambewela,cheapest,compare,fruit"
Munchee Chocolate Ice Cream 1.5L,Quality item,Ice Cream,Munchee,1040,,1.5,L,"brand_munchee,cheapest,compare,dessert,icecream"
Elephant House White Bread,Quality item,Bakery,Elephant House,340,,150,g,"bakery,brand_elephant_house,bread,cheapest,compare"
Mango Juice,fresh,Beverages,,250,,0.5,L,"beverage,cheapest,compare,juice,mango_juice"
Elephant House Mineral Water,classic,Beverages,Elephant House,1410,5,1000,ml,"beverage,brand_elephant_house,cheapest,compare,discount,water"
Anchor Mango Juice 0.5L,classic,Beverages,Anchor,270,,0.5,L,"beverage,brand_anchor,cheapest,compare,juice,mango_juice"
Highland Vanilla Ice Cream 0.5L,Quality item,Ice Cream,Highland,290,,0.5,L,"brand_highland,cheapest,compare,dessert,icecream"
Munchee Flour 100g,Quality item,Rice & Grains,Munchee,1540,10,100,g,"brand_munchee,cheapest,compare,discount,flour,grains"
Rich Life Pumpkin 1kg,organic,Vegetables,Rich Life,190,,1,kg,"brand_rich_life,cheapest,compare,pumpkin,vegetable"
Anchor Tea 1000g,fresh,Beverages,Anchor,1390,,1000,g,"beverage,brand_anchor,cheapest,compare,tea"
Ambewela Buns Pack 12pcs,Quality item,Bakery,Ambewela,330,,12,pcs,"bakery,brand_ambewela,buns,cheapest,compare"
Ruhunu Potato,local,Vegetables,Ruhunu,950,,500,g,"brand_ruhunu,cheapest,compare,potato,vegetable"
Anchor Potato 400g,fresh,Vegetables,Anchor,460,,400,g,"brand_anchor,cheapest,compare,potato,vegetable"
Munchee Chicken Nuggets,Quality item,Frozen Foods,Munchee,3480,,500,g,"brand_munchee,cheapest,compare,frozen,nuggets"
Ambewela Mineral Water 1L,classic,Beverages,Ambewela,870,,1,L,"beverage,brand_ambewela,cheapest,compare,water"
Rich Life Mango Juice 1L,classic,Beverages,Rich Life,590,,1,L,"beverage,brand_rich_life,cheapest,compare,juice,mango_juice"
Anchor Mozzarella Cheese,spread,Dairy & Eggs,Anchor,2700,,750,g,"brand_anchor,cheapest,cheese,compare,dairy,mozzarella"
Potato 150g,organic,Vegetables,,380,,150,g,"cheapest,compare,potato,vegetable"
Ruhunu Carrot 1kg,local,Vegetables,Ruhunu,650,15,1,kg,"brand_ruhunu,carrot,cheapest,compare,discount,vegetable"
Ambewela Beans,local,Vegetables,Ambewela,1960,,5,kg,"beans,brand_ambewela,cheapest,compare,vegetable"
MD Butter,Quality item,Dairy & Eggs,MD,1110,,400,g,"brand_md,butter,cheapest,compare,dairy"
Ambewela Biscuits,regular,Snacks,Ambewela,90,,120,g,"biscuits,brand_ambewela,cheapest,compare,snacks"
Munchee Biscuits,mini pack,Snacks,Munchee,680,,400,g,"biscuits,brand_munchee,cheapest,compare,snacks"
Kotmale Cheddar Cheese 120g,spread,Dairy & Eggs,Kotmale,550,,120,g,"brand_kotmale,cheapest,cheddar,cheese,compare,dairy"
Elephant House Mango Juice 1L,classic,Beverages,Elephant House,630,,1,L,"beverage,brand_elephant_house,cheapest,compare,juice,mango_juice"
Ruhunu Orange Juice 1.5L,fresh,Beverages,Ruhunu,1110,,1.5,L,"beverage,brand_ruhunu,cheapest,compare,juice,orange_juice"
Ambewela Curry Powder 1000g,Quality item,Spices,Ambewela,1220,10,1000,g,"brand_ambewela,cheapest,compare,curry,discount,spices"
MD White Bread,Quality item,Bakery,MD,210,,200,g,"bakery,brand_md,bread,cheapest,compare"
Munchee Gouda Cheese,block,Dairy & Eggs,Munchee,540,30,400,g,"brand_munchee,cheapest,cheese,compare,dairy,discount,gouda"
MD Mineral Water,classic,Beverages,MD,610,,2,L,"beverage,brand_md,cheapest,compare,water"
MD Beans 5kg,fresh,Vegetables,MD,3010,,5,kg,"beans,brand_md,cheapest,compare,vegetable"
Elephant House Coffee,classic,Beverages,Elephant House,1280,,750,g,"beverage,brand_elephant_house,cheapest,coffee,compare"
Rich Life Mineral Water,no added sugar,Beverages,Rich Life,1200,,1.5,L,"beverage,brand_rich_life,cheapest,compare,water"
Munchee Gouda Cheese,slices,Dairy & Eggs,Munchee,460,,250,g,"brand_munchee,cheapest,cheese,compare,dairy,gouda"
MALIBAN Mango Juice,classic,Beverages,MALIBAN,850,,1,L,"beverage,brand_maliban,cheapest,compare,juice,mango_juice"
Munchee Chicken Nuggets 200g,Quality item,Frozen Foods,Munchee,440,,200,g,"brand_munchee,cheapest,compare,frozen,nuggets"
Ambewela Potato 150g,fresh,Vegetables,Ambewela,670,,150,g,"brand_ambewela,cheapest,compare,potato,vegetable"
MD Orange Juice,no added sugar,Beverages,MD,340,10,750,ml,"beverage,brand_md,cheapest,compare,discount,juice,orange_juice"
MALIBAN Curry Powder 250g,Quality item,Spices,MALIBAN,220,,250,g,"brand_maliban,cheapest,compare,curry,spices"
Ambewela Crackers,regular,Snacks,Ambewela,1530,,750,g,"brand_ambewela,cheapest,compare,crackers,snacks"
Highland Mango Juice 200ml,fresh,Beverages,Highland,450,30,200,ml,"beverage,brand_highland,cheapest,compare,discount,juice,mango_juice"
Munchee Cheese Wedges 120g,slices,Dairy & Eggs,Munchee,400,,120,g,"brand_munchee,cheapest,cheese,cheese_wedges,compare,dairy"
Highland Sausages,Quality item,Frozen Foods,Highland,1630,,400,g,"brand_highland,cheapest,compare,frozen,sausages"
Ruhunu Gouda Cheese 150g,slices,Dairy & Eggs,Ruhunu,320,,150,g,"brand_ruhunu,cheapest,cheese,compare,dairy,gouda"
MD Crackers,family pack,Snacks,MD,510,10,150,g,"brand_md,cheapest,compare,crackers,discount,snacks"
Rich Life Butter,Quality item,Dairy & Eggs,Rich Life,1130,,400,g,"brand_rich_life,butter,cheapest,compare,dairy"
MD Dish Wash Liquid,Quality item,Household,MD,300,,0.5,L,"brand_md,cheapest,cleaning,compare,household"
Kotmale Cheddar Cheese,spread,Dairy & Eggs,Kotmale,2190,,500,g,"brand_kotmale,cheapest,cheddar,cheese,compare,dairy"
MD Tea 400g,fresh,Beverages,MD,300,,400,g,"beverage,brand_md,cheapest,compare,tea"
Ruhunu Chocolate Ice Cream 1.5L,Quality item,Ice Cream,Ruhunu,680,,1.5,L,"brand_ruhunu,cheapest,compare,dessert,icecream"
MD Pumpkin 150g,local,Vegetables,MD,380,,150,g,"brand_md,cheapest,compare,pumpkin,vegetable"
Ruhunu Buns Pack,Quality item,Bakery,Ruhunu,520,30,4,pcs,"bakery,brand_ruhunu,buns,cheapest,compare,discount"
Elephant House Chicken Nuggets 100g,Quality item,Frozen Foods,Elephant House,900,,100,g,"brand_elephant_house,cheapest,compare,frozen,nuggets"
Anchor Butter,Quality item,Dairy & Eggs,Anchor,440,,200,g,"brand_anchor,butter,cheapest,compare,dairy"
Ruhunu Butter,Quality item,Dairy & Eggs,Ruhunu,1400,,750,g,"brand_ruhunu,butter,cheapest,compare,dairy"
Munchee Orange Juice,classic,Beverages,Munchee,630,30,500,ml,"beverage,brand_munchee,cheapest,compare,discount,juice,orange_juice"
MD Tea 1000g,no added sugar,Beverages,MD,810,,1000,g,"beverage,brand_md,cheapest,compare,tea"
MD Beans,fresh,Vegetables,MD,380,,0.25,kg,"beans,brand_md,cheapest,compare,vegetable"
Ambewela Biscuits 400g,regular,Snacks,Ambewela,870,,400,g,"biscuits,brand_ambewela,cheapest,compare,snacks"
Mineral Water 1.5L,fresh,Beverages,,1330,,1.5,L,"beverage,cheapest,compare,water"
MD Orange,local,Fruits,MD,950,,1,kg,"brand_md,cheapest,compare,fruit,orange"
Ruhunu Orange Juice 0.5L,classic,Beverages,Ruhunu,410,,0.5,L,"beverage,brand_ruhunu,cheapest,compare,juice,orange_juice"
MALIBAN Vanilla Ice Cream,Quality item,Ice Cream,MALIBAN,1150,,1,L,"brand_maliban,cheapest,compare,dessert,icecream"
Elephant House Curry Powder,Quality item,Spices,Elephant House,710,,1000,g,"brand_elephant_house,cheapest,compare,curry,spices"
Munchee Chocolate Ice Cream,Quality item,Ice Cream,Munchee,440,30,0.5,L,"brand_munchee,cheapest,compare,dessert,discount,icecream"
Elephant House Apple 120g,organic,Fruits,Elephant House,1040,,120,g,"apple,brand_elephant_house,cheapest,compare,fruit"
Ruhunu Pumpkin 5kg,local,Vegetables,Ruhunu,3420,30,5,kg,"brand_ruhunu,cheapest,compare,discount,pumpkin,vegetable"
Ruhunu White Bread 100g,Quality item,Bakery,Ruhunu,520,,100,g,"bakery,brand_ruhunu,bread,cheapest,compare"
Grapes,organic,Fruits,,750,,5,kg,"cheapest,compare,fruit,grapes"
Highland Dish Wash Liquid 2L,Quality item,Household,Highland,3290,,2,L,"brand_highland,cheapest,cleaning,compare,household"
Ambewela Crackers 150g,mini pack,Snacks,Ambewela,290,,150,g,"brand_ambewela,cheapest,compare,crackers,snacks"
Elephant House Mango Juice,classic,Beverages,Elephant House,550,,1000,ml,"beverage,brand_elephant_house,cheapest,compare,juice,mango_juice"
Elephant House Gouda Cheese 750g,slices,Dairy & Eggs,Elephant House,1080,15,750,g,"brand_elephant_house,cheapest,cheese,compare,dairy,discount,gouda"
Ruhunu Fish Cutlets,Quality item,Frozen Foods,Ruhunu,1420,,2,pcs,"brand_ruhunu,cheapest,compare,cutlets,frozen"
Rich Life Potato 2kg,local,Vegetables,Rich Life,2150,,2,kg,"brand_rich_life,cheapest,compare,potato,vegetable"
MALIBAN Cheese Wedges,block,Dairy & Eggs,MALIBAN,180,,200,g,"brand_maliban,cheapest,cheese,cheese_wedges,compare,dairy"
Highland Rice 0.25kg,Quality item,Rice & Grains,Highland,1390,,0.25,kg,"brand_highland,cheapest,compare,grains,rice"
Elephant House Chicken Nuggets 500g,Quality item,Frozen Foods,Elephant House,2820,,500,g,"brand_elephant_house,cheapest,compare,frozen,nuggets"
Ambewela Beans,organic,Vegetables,Ambewela,1160,,1000,g,"beans,brand_ambewela,cheapest,compare,vegetable"
Anchor Eggs 6pcs,Quality item,Dairy & Eggs,Anchor,1190,,6,pcs,"brand_anchor,cheapest,compare,dairy,eggs"
Anchor Sausages 1000g,Quality item,Frozen Foods,Anchor,1180,30,1000,g,"brand_anchor,cheapest,compare,discount,frozen,sausages"
MD White Bread,Quality item,Bakery,MD,320,,150,g,"bakery,brand_md,bread,cheapest,compare"
Anchor Potato 250g,local,Vegetables,Anchor,1020,,250,g,"brand_anchor,cheapest,compare,potato,vegetable"
MD Pumpkin,organic,Vegetables,MD,1180,,1,kg,"brand_md,cheapest,compare,pumpkin,vegetable"
Ruhunu Yoghurt,Quality item,Dairy & Eggs,Ruhunu,980,,250,g,"brand_ruhunu,cheapest,compare,dairy,yoghurt"
Kotmale Apple,local,Fruits,Kotmale,710,,150,g,"apple,brand_kotmale,cheapest,compare,fruit"
Mango Juice,fresh,Beverages,,120,15,0.5,L,"beverage,cheapest,compare,discount,juice,mango_juice"
Anchor Vanilla Ice Cream 1000ml,Quality item,Ice Cream,Anchor,2440,,1000,ml,"brand_anchor,cheapest,compare,dessert,icecream"
Kotmale Rice 5kg,Quality item,Rice & Grains,Kotmale,2900,,5,kg,"brand_kotmale,cheapest,compare,grains,rice"
MALIBAN Curry Powder 150g,Quality item,Spices,MALIBAN,410,,150,g,"brand_maliban,cheapest,compare,curry,spices"
Ruhunu Grapes 200g,fresh,Fruits,Ruhunu,540,,200,g,"brand_ruhunu,cheapest,compare,fruit,grapes"
Highland Pumpkin 2kg,organic,Vegetables,Highland,1500,,2,kg,"brand_highland,cheapest,compare,pumpkin,vegetable"
Highland Carrot,local,Vegetables,Highland,3280,,5,kg,"brand_highland,carrot,cheapest,compare,vegetable"
Anchor Buns Pack 1pcs,Quality item,Bakery,Anchor,480,,1,pcs,"bakery,brand_anchor,buns,cheapest,compare"
Biscuits 750g,family pack,Snacks,,1350,,750,g,"biscuits,cheapest,compare,snacks"
Anchor Carrot,local,Vegetables,Anchor,1280,,5,kg,"brand_anchor,carrot,cheapest,compare,vegetable"
Rich Life Curry Powder 100g,Quality item,Spices,Rich Life,270,,100,g,"brand_rich_life,cheapest,compare,curry,spices"
Kotmale Orange Juice,fresh,Beverages,Kotmale,1610,,2,L,"beverage,brand_kotmale,cheapest,compare,juice,orange_juice"
Highland Coffee 250g,fresh,Beverages,Highland,720,,250,g,"beverage,brand_highland,cheapest,coffee,compare"
Munchee Apple,organic,Fruits,Munchee,290,,0.5,kg,"apple,brand_munchee,cheapest,compare,fruit"
MD Chicken Nuggets,Quality item,Frozen Foods,MD,420,,250,g,"brand_md,cheapest,compare,frozen,nuggets"
Elephant House Gouda Cheese,spread,Dairy & Eggs,Elephant House,790,,750,g,"brand_elephant_house,cheapest,cheese,compare,dairy,gouda"
Rich Life Carrot,fresh,Vegetables,Rich Life,840,,1,kg,"brand_rich_life,carrot,cheapest,compare,vegetable"
Elephant House Fresh Milk,Quality item,Dairy & Eggs,Elephant House,940,,750,ml,"brand_elephant_house,cheapest,compare,dairy,fresh_milk,milk"
MALIBAN Chicken Nuggets 120g,Quality item,Frozen Foods,MALIBAN,340,,120,g,"brand_maliban,cheapest,compare,frozen,nuggets"
Elephant House Rice 0.25kg,Quality item,Rice & Grains,Elephant House,450,,0.25,kg,"brand_elephant_house,cheapest,compare,grains,rice"
Highland White Bread,Quality item,Bakery,Highland,670,5,250,g,"bakery,brand_highland,bread,cheapest,compare,discount"
Highland Crackers,regular,Snacks,Highland,1640,,500,g,"brand_highland,cheapest,compare,crackers,snacks"
Ambewela Pumpkin 400g,local,Vegetables,Ambewela,1850,,400,g,"brand_ambewela,cheapest,compare,pumpkin,vegetable"
Ruhunu Crackers,regular,Snacks,Ruhunu,970,,500,g,"brand_ruhunu,cheapest,compare,crackers,snacks"
Rich Life Banana,organic,Fruits,Rich Life,2340,,5,kg,"banana,brand_rich_life,cheapest,compare,fruit"
Kotmale Eggs,Quality item,Dairy & Eggs,Kotmale,580,,10,pcs,"brand_kotmale,cheapest,compare,dairy,eggs"
Ambewela Biscuits,family pack,Snacks,Ambewela,1170,10,750,g,"biscuits,brand_ambewela,cheapest,compare,discount,snacks"
MALIBAN Chili Powder,Quality item,Spices,MALIBAN,500,,100,g,"brand_maliban,cheapest,chili,compare,spices"
MALIBAN Yoghurt,Quality item,Dairy & Eggs,MALIBAN,460,15,100,g,"brand_maliban,cheapest,compare,dairy,discount,yoghurt"
Munchee Mozzarella Cheese 120g,spread,Dairy & Eggs,Munchee,360,,120,g,"brand_munchee,cheapest,cheese,compare,dairy,mozzarella"
Elephant House Vanilla Ice Cream,Quality item,Ice Cream,Elephant House,2970,,500,ml,"brand_elephant_house,cheapest,compare,dessert,icecream"
Anchor Dish Wash Liquid 0.5L,Quality item,Household,Anchor,690,,0.5,L,"brand_anchor,cheapest,cleaning,compare,household"
Kotmale Apple,organic,Fruits,Kotmale,1070,,1,kg,"apple,brand_kotmale,cheapest,compare,fruit"
Rich Life Apple 400g,fresh,Fruits,Rich Life,2720,,400,g,"apple,brand_rich_life,cheapest,compare,fruit"
Kotmale Eggs,Quality item,Dairy & Eggs,Kotmale,1800,10,10,pcs,"brand_kotmale,cheapest,compare,dairy,discount,eggs"
Ambewela Mozzarella Cheese 750g,slices,Dairy & Eggs,Ambewela,560,,750,g,"brand_ambewela,cheapest,cheese,compare,dairy,mozzarella"
Rich Life Dish Wash Liquid,Quality item,Household,Rich Life,690,,250,ml,"brand_rich_life,cheapest,cleaning,compare,household"
Ruhunu Potato,organic,Vegetables,Ruhunu,950,,200,g,"brand_ruhunu,cheapest,compare,potato,vegetable"
Highland Vanilla Ice Cream,Quality item,Ice Cream,Highland,870,,200,ml,"brand_highland,cheapest,compare,dessert,icecream"
Tea 1000g,classic,Beverages,,970,,1000,g,"beverage,cheapest,compare,tea"
Munchee Fish Cutlets 12pcs,Quality item,Frozen Foods,Munchee,1340,,12,pcs,"brand_munchee,cheapest,compare,cutlets,frozen"
MD Dish Wash Liquid 1500ml,Quality item,Household,MD,4340,20,1500,ml,"brand_md,cheapest,cleaning,compare,discount,household"
Munchee Cheddar Cheese 500g,block,Dairy & Eggs,Munchee,880,,500,g,"brand_munchee,cheapest,cheddar,cheese,compare,dairy"
MD Cheese Wedges 120g,block,Dairy & Eggs,MD,340,,120,g,"brand_md,cheapest,cheese,cheese_wedges,compare,dairy"
Ambewela Butter 1000g,Quality item,Dairy & Eggs,Ambewela,980,,1000,g,"brand_ambewela,butter,cheapest,compare,dairy"
Kotmale Pumpkin 0.5kg,local,Vegetables,Kotmale,720,,0.5,kg,"brand_kotmale,cheapest,compare,pumpkin,vegetable"
Ruhunu Orange,fresh,Fruits,Ruhunu,2880,,2,kg,"brand_ruhunu,cheapest,compare,fruit,orange"
Dish Wash Liquid 1.5L,Quality item,Household,,1650,,1.5,L,"cheapest,cleaning,compare,household"
MD Gouda Cheese 200g,wedges,Dairy & Eggs,MD,180,,200,g,"brand_md,cheapest,cheese,compare,dairy,gouda"
Kotmale Mango Juice,fresh,Beverages,Kotmale,1110,15,750,ml,"beverage,brand_kotmale,cheapest,compare,discount,juice,mango_juice"
MALIBAN Apple,local,Fruits,MALIBAN,2590,,2,kg,"apple,brand_maliban,cheapest,compare,fruit"
Flour 750g,Quality item,Rice & Grains,,5260,30,750,g,"cheapest,compare,discount,flour,grains"
MD Dish Wash Liquid,Quality item,Household,MD,4800,,750,ml,"brand_md,cheapest,cleaning,compare,household"
Kotmale Mozzarella Cheese 150g,block,Dairy & Eggs,Kotmale,200,20,150,g,"brand_kotmale,cheapest,cheese,compare,dairy,discount,mozzarella"
Kotmale Sausages 750g,Quality item,Frozen Foods,Kotmale,3390,,750,g,"brand_kotmale,cheapest,compare,frozen,sausages"
Munchee Yoghurt,Quality item,Dairy & Eggs,Munchee,490,,1000,g,"brand_munchee,cheapest,compare,dairy,yoghurt"
Anchor Chocolate Ice Cream,Quality item,Ice Cream,Anchor,390,,0.5,L,"brand_anchor,cheapest,compare,dessert,icecream"
Elephant House Grapes 500g,fresh,Fruits,Elephant House,1700,,500,g,"brand_elephant_house,cheapest,compare,fruit,grapes"
Highland Apple 0.25kg,fresh,Fruits,Highland,480,,0.25,kg,"apple,brand_highland,cheapest,compare,fruit"
Anchor Fresh Milk,Quality item,Dairy & Eggs,Anchor,1680,,2,L,"brand_anchor,cheapest,compare,dairy,fresh_milk,milk"
Munchee Gouda Cheese,block,Dairy & Eggs,Munchee,710,,200,g,"brand_munchee,cheapest,cheese,compare,dairy,gouda"
Kotmale Carrot,local,Vegetables,Kotmale,210,,1,kg,"brand_kotmale,carrot,cheapest,compare,vegetable"
Kotmale Potato,fresh,Vegetables,Kotmale,2720,,5,kg,"brand_kotmale,cheapest,compare,potato,vegetable"
Highland Mozzarella Cheese,spread,Dairy & Eggs,Highland,590,,200,g,"brand_highland,cheapest,cheese,compare,dairy,mozzarella"
Ambewela Orange Juice 200ml,no added sugar,Beverages,Ambewela,620,,200,ml,"beverage,brand_ambewela,cheapest,compare,juice,orange_juice"
Elephant House Chicken Nuggets,Quality item,Frozen Foods,Elephant House,1210,,250,g,"brand_elephant_house,cheapest,compare,frozen,nuggets"
MALIBAN Fish Cutlets,Quality item,Frozen Foods,MALIBAN,2170,,12,pcs,"brand_maliban,cheapest,compare,cutlets,frozen"
Rich Life Beans 0.25kg,organic,Vegetables,Rich Life,540,,0.25,kg,"beans,brand_rich_life,cheapest,compare,vegetable"
Elephant House Fish Cutlets 1pcs,Quality item,Frozen Foods,Elephant House,1470,,1,pcs,"brand_elephant_house,cheapest,compare,cutlets,frozen"
Ambewela Carrot 0.25kg,fresh,Vegetables,Ambewela,450,,0.25,kg,"brand_ambewela,carrot,cheapest,compare,vegetable"
Kotmale Gouda Cheese,slices,Dairy & Eggs,Kotmale,1570,,400,g,"brand_kotmale,cheapest,cheese,compare,dairy,gouda"
Highland Fresh Milk,Quality item,Dairy & Eggs,Highland,1840,,500,ml,"brand_highland,cheapest,compare,dairy,fresh_milk,milk"
Ruhunu Orange 2kg,fresh,Fruits,Ruhunu,1360,,2,kg,"brand_ruhunu,cheapest,compare,fruit,orange"
Anchor Mozzarella Cheese 250g,spread,Dairy & Eggs,Anchor,980,,250,g,"brand_anchor,cheapest,cheese,compare,dairy,mozzarella"
Orange 200g,organic,Fruits,,550,,200,g,"cheapest,compare,fruit,orange"
Ruhunu White Bread 400g,Quality item,Bakery,Ruhunu,760,,400,g,"bakery,brand_ruhunu,bread,cheapest,compare"
Highland Orange Juice 750ml,fresh,Beverages,Highland,910,,750,ml,"beverage,brand_highland,cheapest,compare,juice,orange_juice"
Highland Potato 200g,organic,Vegetables,Highland,810,,200,g,"brand_highland,cheapest,compare,potato,vegetable"
Ruhunu Eggs,Quality item,Dairy & Eggs,Ruhunu,610,,10,pcs,"brand_ruhunu,cheapest,compare,dairy,eggs"
MD Yoghurt,Quality item,Dairy & Eggs,MD,2570,20,750,g,"brand_md,cheapest,compare,dairy,discount,yoghurt"
Anchor Flour 200g,Quality item,Rice & Grains,Anchor,440,,200,g,"brand_anchor,cheapest,compare,flour,grains"
Ambewela Fish Cutlets 10pcs,Quality item,Frozen Foods,Ambewela,1870,,10,pcs,"brand_ambewela,cheapest,compare,cutlets,frozen"
Munchee Vanilla Ice Cream,Quality item,Ice Cream,Munchee,2050,,1.5,L,"brand_munchee,cheapest,compare,dessert,icecream"
Ambewela Cheese Wedges,block,Dairy & Eggs,Ambewela,360,,400,g,"brand_ambewela,cheapest,cheese,cheese_wedges,compare,dairy"
Elephant House Chicken Nuggets 120g,Quality item,Frozen Foods,Elephant House,520,,120,g,"brand_elephant_house,cheapest,compare,frozen,nuggets"
Munchee Curry Powder 750g,Quality item,Spices,Munchee,1500,,750,g,"brand_munchee,cheapest,compare,curry,spices"
Anchor Chili Powder 100g,Quality item,Spices,Anchor,250,,100,g,"brand_anchor,cheapest,chili,compare,spices"
Ambewela Cheese Wedges 400g,wedges,Dairy & Eggs,Ambewela,1570,,400,g,"brand_ambewela,cheapest,cheese,cheese_wedges,compare,dairy"
MD Buns Pack,Quality item,Bakery,MD,490,5,6,pcs,"bakery,brand_md,buns,cheapest,compare,discount"
Kotmale Eggs 12pcs,Quality item,Dairy & Eggs,Kotmale,1990,,12,pcs,"brand_kotmale,cheapest,compare,dairy,eggs"
Munchee Orange 5kg,fresh,Fruits,Munchee,2650,,5,kg,"brand_munchee,cheapest,compare,fruit,orange"
Chicken Nuggets,Quality item,Frozen Foods,,710,25,150,g,"cheapest,compare,discount,frozen,nuggets"
MD Coffee,no added sugar,Beverages,MD,560,,500,g,"beverage,brand_md,cheapest,coffee,compare"
Ruhunu Mozzarella Cheese 1000g,block,Dairy & Eggs,Ruhunu,950,30,1000,g,"brand_ruhunu,cheapest,cheese,compare,dairy,discount,mozzarella"
Munchee Flour,Quality item,Rice & Grains,Munchee,3200,,500,g,"brand_munchee,cheapest,compare,flour,grains"
Ruhunu Crackers,regular,Snacks,Ruhunu,640,,250,g,"brand_ruhunu,cheapest,compare,crackers,snacks"
Highland Orange,organic,Fruits,Highland,610,,0.5,kg,"brand_highland,cheapest,compare,fruit,orange"
Ruhunu Orange Juice 500ml,no added sugar,Beverages,Ruhunu,1080,,500,ml,"beverage,brand_ruhunu,cheapest,compare,juice,orange_juice"
Munchee Tea 750g,classic,Beverages,Munchee,910,,750,g,"beverage,brand_munchee,cheapest,compare,tea"
Elephant House Cheddar Cheese 750g,block,Dairy & Eggs,Elephant House,1430,,750,g,"brand_elephant_house,cheapest,cheddar,cheese,compare,dairy"
MALIBAN Flour,Quality item,Rice & Grains,MALIBAN,2510,25,500,g,"brand_maliban,cheapest,compare,discount,flour,grains"
Rich Life Yoghurt 100g,Quality item,Dairy & Eggs,Rich Life,440,20,100,g,"brand_rich_life,cheapest,compare,dairy,discount,yoghurt"
Munchee Flour 5kg,Quality item,Rice & Grains,Munchee,6170,,5,kg,"brand_munchee,cheapest,compare,flour,grains"
Munchee Sausages,Quality item,Frozen Foods,Munchee,5450,30,750,g,"brand_munchee,cheapest,compare,discount,frozen,sausages"
Highland Orange 2kg,organic,Fruits,Highland,3010,,2,kg,"brand_highland,cheapest,compare,fruit,orange"
Rich Life Eggs,Quality item,Dairy & Eggs,Rich Life,1080,,12,pcs,"brand_rich_life,cheapest,compare,dairy,eggs"
Anchor Chocolate Ice Cream,Quality item,Ice Cream,Anchor,1360,,1,L,"brand_anchor,cheapest,compare,dessert,icecream"
Highland Dish Wash Liquid,Quality item,Household,Highland,910,,330,ml,"brand_highland,cheapest,cleaning,compare,household"
Chili Powder,Quality item,Spices,,580,,150,g,"cheapest,chili,compare,spices"
Carrot 0.5kg,fresh,Vegetables,,310,,0.5,kg,"carrot,cheapest,compare,vegetable"
MD Chicken Nuggets,Quality item,Frozen Foods,MD,1080,5,250,g,"brand_md,cheapest,compare,discount,frozen,nuggets"
Munchee Chicken Nuggets 400g,Quality item,Frozen Foods,Munchee,2050,,400,g,"brand_munchee,cheapest,compare,frozen,nuggets"
MD Cheese Wedges 120g,spread,Dairy & Eggs,MD,370,15,120,g,"brand_md,cheapest,cheese,cheese_wedges,compare,dairy,discount"
Highland Potato 1000g,local,Vegetables,Highland,2620,,1000,g,"brand_highland,cheapest,compare,potato,vegetable"
Kotmale Cheddar Cheese 750g,slices,Dairy & Eggs,Kotmale,2640,,750,g,"brand_kotmale,cheapest,cheddar,cheese,compare,dairy"
MALIBAN Fresh Milk,Quality item,Dairy & Eggs,MALIBAN,490,,1,L,"brand_maliban,cheapest,compare,dairy,fresh_milk,milk"
Ambewela Carrot 250g,fresh,Vegetables,Ambewela,1100,20,250,g,"brand_ambewela,carrot,cheapest,compare,discount,vegetable"
Rich Life Pumpkin 120g,local,Vegetables,Rich Life,240,25,120,g,"brand_rich_life,cheapest,compare,discount,pumpkin,vegetable"
Munchee Apple,fresh,Fruits,Munchee,900,,100,g,"apple,brand_munchee,cheapest,compare,fruit"
Anchor Chocolate Ice Cream 200ml,Quality item,Ice Cream,Anchor,370,,200,ml,"brand_anchor,cheapest,compare,dessert,icecream"
Elephant House Gouda Cheese 250g,block,Dairy & Eggs,Elephant House,1010,,250,g,"brand_elephant_house,cheapest,cheese,compare,dairy,gouda"
Ambewela Mango Juice 1L,classic,Beverages,Ambewela,290,,1,L,"beverage,brand_ambewela,cheapest,compare,juice,mango_juice"
Ruhunu Vanilla Ice Cream 1500ml,Quality item,Ice Cream,Ruhunu,3680,5,1500,ml,"brand_ruhunu,cheapest,compare,dessert,discount,icecream"
Elephant House Fish Cutlets,Quality item,Frozen Foods,Elephant House,590,,4,pcs,"brand_elephant_house,cheapest,compare,cutlets,frozen"
Munchee Orange,local,Fruits,Munchee,320,,100,g,"brand_munchee,cheapest,compare,fruit,orange"
MALIBAN Coffee 100g,no added sugar,Beverages,MALIBAN,120,,100,g,"beverage,brand_maliban,cheapest,coffee,compare"
Munchee Mozzarella Cheese 400g,wedges,Dairy & Eggs,Munchee,1690,,400,g,"brand_munchee,cheapest,cheese,compare,dairy,mozzarella"
Munchee Sausages,Quality item,Frozen Foods,Munchee,4470,5,750,g,"brand_munchee,cheapest,compare,discount,frozen,sausages"
Highland Fresh Milk,Quality item,Dairy & Eggs,Highland,690,,0.5,L,"brand_highland,cheapest,compare,dairy,fresh_milk,milk"
Beans 500g,local,Vegetables,,1670,,500,g,"beans,cheapest,compare,vegetable"
Highland Mango Juice,no added sugar,Beverages,Highland,420,,1.5,L,"beverage,brand_highland,cheapest,compare,juice,mango_juice"
Elephant House Dish Wash Liquid 0.5L,Quality item,Household,Elephant House,580,,0.5,L,"brand_elephant_house,cheapest,cleaning,compare,household"
Kotmale Orange 0.25kg,organic,Fruits,Kotmale,710,30,0.25,kg,"brand_kotmale,cheapest,compare,discount,fruit,orange"
Ambewela Tea 150g,fresh,Beverages,Ambewela,300,,150,g,"beverage,brand_ambewela,cheapest,compare,tea"
Highland Curry Powder 400g,Quality item,Spices,Highland,1530,,400,g,"brand_highland,cheapest,compare,curry,spices"
Kotmale Eggs 6pcs,Quality item,Dairy & Eggs,Kotmale,250,,6,pcs,"brand_kotmale,cheapest,compare,dairy,eggs"
MD Mozzarella Cheese 1000g,wedges,Dairy & Eggs,MD,2640,10,1000,g,"brand_md,cheapest,cheese,compare,dairy,discount,mozzarella"
Ambewela Grapes,local,Fruits,Ambewela,160,,0.5,kg,"brand_ambewela,cheapest,compare,fruit,grapes"
Kotmale Orange,organic,Fruits,Kotmale,780,,400,g,"brand_kotmale,cheapest,compare,fruit,orange"
Munchee Butter 200g,Quality item,Dairy & Eggs,Munchee,480,,200,g,"brand_munchee,butter,cheapest,compare,dairy"
Ambewela Carrot,local,Vegetables,Ambewela,140,,120,g,"brand_ambewela,carrot,cheapest,compare,vegetable"
Kotmale Curry Powder,Quality item,Spices,Kotmale,630,,120,g,"brand_kotmale,cheapest,compare,curry,spices"
Elephant House Pumpkin 5kg,organic,Vegetables,Elephant House,1150,,5,kg,"brand_elephant_house,cheapest,compare,pumpkin,vegetable"
Ruhunu Pumpkin,organic,Vegetables,Ruhunu,1370,,2,kg,"brand_ruhunu,cheapest,compare,pumpkin,vegetable"
Munchee Coffee,no added sugar,Beverages,Munchee,80,,150,g,"beverage,brand_munchee,cheapest,coffee,compare"
Elephant House Fresh Milk,Quality item,Dairy & Eggs,Elephant House,1840,25,2,L,"brand_elephant_house,cheapest,compare,dairy,discount,fresh_milk,milk"
MALIBAN Orange,fresh,Fruits,MALIBAN,210,,100,g,"brand_maliban,cheapest,compare,fruit,orange"
MALIBAN Curry Powder,Quality item,Spices,MALIBAN,440,10,750,g,"brand_maliban,cheapest,compare,curry,discount,spices"
Ambewela Chicken Nuggets,Quality item,Frozen Foods,Ambewela,1270,,500,g,"brand_ambewela,cheapest,compare,frozen,nuggets"
MALIBAN Potato 400g,organic,Vegetables,MALIBAN,410,25,400,g,"brand_maliban,cheapest,compare,discount,potato,vegetable"
Anchor Gouda Cheese 150g,spread,Dairy & Eggs,Anchor,360,,150,g,"brand_anchor,cheapest,cheese,compare,dairy,gouda"
MD Banana,organic,Fruits,MD,860,,750,g,"banana,brand_md,cheapest,compare,fruit"
Ruhunu Pumpkin 0.5kg,organic,Vegetables,Ruhunu,540,,0.5,kg,"brand_ruhunu,cheapest,compare,pumpkin,vegetable"
Munchee Chicken Nuggets 250g,Quality item,Frozen Foods,Munchee,2180,20,250,g,"brand_munchee,cheapest,compare,discount,frozen,nuggets"
Munchee Biscuits 120g,mini pack,Snacks,Munchee,440,5,120,g,"biscuits,brand_munchee,cheapest,compare,discount,snacks"
Anchor Apple,organic,Fruits,Anchor,3400,25,2,kg,"apple,brand_anchor,cheapest,compare,discount,fruit"
Ambewela Grapes,fresh,Fruits,Ambewela,550,15,0.25,kg,"brand_ambewela,cheapest,compare,discount,fruit,grapes"
Kotmale Eggs 1pcs,Quality item,Dairy & Eggs,Kotmale,540,,1,pcs,"brand_kotmale,cheapest,compare,dairy,eggs"
MD Chicken Nuggets,Quality item,Frozen Foods,MD,1420,10,500,g,"brand_md,cheapest,compare,discount,frozen,nuggets"
Highland Carrot,fresh,Vegetables,Highland,490,,150,g,"brand_highland,carrot,cheapest,compare,vegetable"
MALIBAN Flour 100g,Quality item,Rice & Grains,MALIBAN,660,,100,g,"brand_maliban,cheapest,compare,flour,grains"
Rich Life Curry Powder,Quality item,Spices,Rich Life,960,,500,g,"brand_rich_life,cheapest,compare,curry,spices"
Elephant House Flour 500g,Quality item,Rice & Grains,Elephant House,490,,500,g,"brand_elephant_house,cheapest,compare,flour,grains"
Highland Yoghurt,Quality item,Dairy & Eggs,Highland,2410,,750,g,"brand_highland,cheapest,compare,dairy,yoghurt"
Ambewela Mineral Water,classic,Beverages,Ambewela,740,,1,L,"beverage,brand_ambewela,cheapest,compare,water"
